, Cl 8 Production US , Cl 8 Production Canada , Cl 8 Production  Mexico , Cl 8 Production  Exports , CL 8 Production  N.A. , CL 5-7 Production US , CL 5-7 Production Canada , CL 5-7 Production Mexico , CL 5-7 Production Exports , CL 5-7 Production N.A. ,,,,,,,,,,,
Assumptions,,,,,,,,,,,,,,,,,,,,,
Data Source, http://www.actresearch.net/reports/   , http://www.actresearch.net/reports/   , http://www.actresearch.net/reports/   , http://www.actresearch.net/reports/   , http://www.actresearch.net/reports/   , http://www.actresearch.net/reports/   , http://www.actresearch.net/reports/   , http://www.actresearch.net/reports/   , http://www.actresearch.net/reports/   , http://www.actresearch.net/reports/   ,,,,,,,,,,,
Jan-96," 15,788 "," 1,596 ", 95 , 706 ," 18,185 "," 13,233 ", 543 , 468 , 248 ," 14,492 ",,,,,,,,,,,
Feb-96," 16,479 "," 1,543 ", 73 , 556 ," 18,651 "," 14,200 ", 484 , 472 , 305 ," 15,461 ",,,,,,,,,,,
Mar-96," 15,595 "," 1,638 ", 73 , 554 ," 17,860 "," 13,098 ", 848 , 472 , 214 ," 14,632 ",,,,,,,,,,,
Apr-96," 15,500 "," 1,388 ", 75 , 582 ," 17,545 "," 14,190 ", 668 , 473 , 314 ," 15,645 ",,,,,,,,,,,
May-96," 15,321 "," 1,494 ", 74 , 837 ," 17,726 "," 15,206 ", 465 , 474 , 388 ," 16,533 ",,,,,,,,,,,
Jun-96," 14,308 "," 1,436 ", 98 , 553 ," 16,395 "," 13,410 ", 297 , 475 , 428 ," 14,610 ",,,,,,,,,,,
Jul-96," 11,536 "," 1,225 ", 74 , 679 ," 13,514 "," 9,110 ", 312 , 479 , 228 ," 10,129 ",,,,,,,,,,,
Aug-96," 13,033 "," 1,908 ", 100 , 657 ," 15,698 "," 11,802 ", 609 , 479 , 377 ," 13,267 ",,,,,,,,,,,
Sep-96," 13,211 "," 1,654 ", 74 , 601 ," 15,540 "," 10,501 ", 368 , 479 , 433 ," 11,781 ",,,,,,,,,,,
Oct-96," 12,689 "," 1,777 ", 74 , 697 ," 15,237 "," 12,506 ", 441 , 479 , 643 ," 14,069 ",,,,,,,,,,,
Nov-96," 11,848 "," 1,973 ", 74 , 819 ," 14,714 "," 11,289 ", 607 , 476 , 469 ," 12,841 ",,,,,,,,,,,
Dec-96," 10,853 "," 1,449 ", 156 , 836 ," 13,294 "," 10,345 ", 373 , 475 , 524 ," 11,717 ",,,,,,,,,,,
Jan-97," 12,668 "," 1,766 ", 595 , 779 ," 15,808 "," 13,290 ", 474 , 905 , 800 ," 15,469 ",,,,,,,,,,,
Feb-97," 13,853 "," 1,570 ", 540 , 610 ," 16,573 "," 13,736 ", 472 , 909 , 533 ," 15,650 ",,,,,,,,,,,
Mar-97," 13,185 "," 2,056 ", 593 , 875 ," 16,709 "," 14,651 ", 795 , 905 , 470 ," 16,821 ",,,,,,,,,,,
Apr-97," 15,051 "," 1,944 ", 638 , 776 ," 18,409 "," 15,171 ", 771 , 923 , 653 ," 17,518 ",,,,,,,,,,,
May-97," 14,596 "," 2,558 ", 619 , 816 ," 18,589 "," 15,242 ", 545 , 913 , 618 ," 17,318 ",,,,,,,,,,,
Jun-97," 14,879 "," 2,364 ", 833 , 937 ," 19,013 "," 15,434 ", 703 , 912 , 607 ," 17,656 ",,,,,,,,,,,
Jul-97," 13,400 "," 2,370 ", 700 , 852 ," 17,322 "," 10,837 ", 536 , 902 , 476 ," 12,751 ",,,,,,,,,,,
Aug-97," 14,242 "," 2,478 ", 778 , 968 ," 18,466 "," 14,899 ", 761 , 909 , 718 ," 17,287 ",,,,,,,,,,,
Sep-97," 16,492 "," 2,727 ", 733 ," 1,008 "," 20,960 "," 16,150 ", 796 , 914 , 820 ," 18,680 ",,,,,,,,,,,
Oct-97," 18,786 "," 2,883 ", 750 ," 1,180 "," 23,599 "," 17,806 ", 869 , 913 ," 1,018 "," 20,606 ",,,,,,,,,,,
Nov-97," 15,857 "," 2,366 ", 665 ," 1,164 "," 20,052 "," 12,964 ", 744 , 915 , 589 ," 15,212 ",,,,,,,,,,,
Dec-97," 15,043 "," 1,657 ", 767 ," 1,026 "," 18,493 "," 11,896 ", 598 , 911 , 546 ," 13,951 ",,,,,,,,,,,
Jan-98," 16,192 "," 2,056 "," 1,054 ", 971 ," 20,273 "," 15,697 ", 256 , 861 , 524 ," 17,338 ",,,,,,,,,,,
Feb-98," 16,121 "," 2,645 "," 1,044 "," 1,111 "," 20,921 "," 14,893 ", 764 , 864 , 730 ," 17,251 ",,,,,,,,,,,
Mar-98," 17,597 "," 3,031 "," 1,142 "," 1,110 "," 22,880 "," 17,024 ", 882 , 871 , 482 ," 19,259 ",,,,,,,,,,,
Apr-98," 17,496 "," 2,777 "," 1,092 ", 850 ," 22,215 "," 17,874 ", 816 , 874 , 571 ," 20,135 ",,,,,,,,,,,
May-98," 16,392 "," 2,332 "," 1,077 ", 872 ," 20,673 "," 17,014 ", 599 , 871 , 508 ," 18,992 ",,,,,,,,,,,
Jun-98," 18,037 "," 2,562 "," 1,168 "," 1,044 "," 22,811 "," 17,594 ", 832 , 876 , 489 ," 19,791 ",,,,,,,,,,,
Jul-98," 16,438 "," 2,033 "," 1,253 ", 802 ," 20,526 "," 12,938 ", 513 , 874 , 233 ," 14,558 ",,,,,,,,,,,
Aug-98," 17,388 "," 2,546 "," 1,398 ", 645 ," 21,977 "," 16,061 ", 909 , 947 , 327 ," 18,244 ",,,,,,,,,,,
Sep-98," 19,510 "," 2,475 "," 1,289 ", 474 ," 23,748 "," 19,162 ", 853 , 959 , 316 ," 21,290 ",,,,,,,,,,,
Oct-98," 21,436 "," 3,043 "," 1,172 ", 530 ," 26,181 "," 20,938 ", 803 , 940 , 254 ," 22,935 ",,,,,,,,,,,
Nov-98," 19,991 "," 1,992 ", 983 , 426 ," 23,392 "," 17,836 ", 930 , 907 , 616 ," 20,289 ",,,,,,,,,,,
Dec-98," 17,868 "," 2,054 ", 959 , 262 ," 21,143 "," 17,663 ", 575 , 924 , 268 ," 19,430 ",,,,,,,,,,,
Jan-99," 20,551 "," 2,541 ", 638 , 523 ," 24,253 "," 18,100 ", 813 , 818 , 373 ," 20,104 ",,,,,,,,,,,
Feb-99," 21,699 "," 2,829 ", 619 , 397 ," 25,544 "," 21,085 ", 725 , 798 , 182 ," 22,790 ",,,,,,,,,,,
Mar-99," 24,381 "," 3,634 ", 667 , 489 ," 29,171 "," 25,005 "," 1,108 ", 822 , 244 ," 27,179 ",,,,,,,,,,,
Apr-99," 24,096 "," 2,888 ", 785 , 375 ," 28,144 "," 21,896 ", 910 , 854 , 230 ," 23,890 ",,,,,,,,,,,
May-99," 22,921 "," 2,311 ", 598 , 474 ," 26,304 "," 22,482 ", 709 , 904 , 225 ," 24,320 ",,,,,,,,,,,
Jun-99," 25,645 "," 2,852 ", 795 , 452 ," 29,744 "," 23,367 ", 701 ," 1,153 ", 266 ," 25,487 ",,,,,,,,,,,
Jul-99," 22,098 "," 2,466 "," 1,198 ", 401 ," 26,163 "," 17,350 ", 353 ," 1,024 ", 74 ," 18,801 ",,,,,,,,,,,
Aug-99," 24,054 "," 3,251 "," 1,434 ", 408 ," 29,147 "," 20,987 ", 991 ," 1,600 ", 135 ," 23,713 ",,,,,,,,,,,
Sep-99," 24,444 "," 3,146 "," 1,170 ", 486 ," 29,246 "," 22,411 ", 871 ," 1,186 ", 161 ," 24,629 ",,,,,,,,,,,
Oct-99," 25,633 "," 3,509 "," 1,425 ", 467 ," 31,034 "," 21,159 ", 674 ," 1,558 ", 218 ," 23,609 ",,,,,,,,,,,
Nov-99," 24,284 "," 3,015 "," 1,180 ", 502 ," 28,981 "," 20,551 ", 724 ," 2,059 ", 311 ," 23,645 ",,,,,,,,,,,
Dec-99," 20,924 "," 2,104 "," 1,357 ", 481 ," 24,866 "," 17,857 ", 751 ," 1,783 ", 190 ," 20,581 ",,,,,,,,,,,
Jan-00," 21,815 "," 2,844 "," 1,061 ", 558 ," 26,278 "," 17,706 ", 651 ," 1,575 ", 244 ," 20,176 ",,,,,,,,,,,
Feb-00," 22,394 "," 3,318 "," 1,615 ", 422 ," 27,749 "," 19,277 ", 973 ," 1,782 ", 192 ," 22,224 ",,,,,,,,,,,
Mar-00," 24,612 "," 3,098 "," 1,489 ", 552 ," 29,751 "," 22,221 ", 958 ," 1,873 ", 144 ," 25,196 ",,,,,,,,,,,
Apr-00," 19,625 "," 2,130 "," 1,027 ", 374 ," 23,156 "," 20,025 ", 509 ," 1,136 ", 97 ," 21,767 ",,,,,,,,,,,
May-00," 21,938 "," 2,616 "," 1,137 ", 492 ," 26,183 "," 22,240 ", 712 ," 1,055 ", 90 ," 24,097 ",,,,,,,,,,,
Jun-00," 20,674 "," 2,117 "," 1,143 ", 511 ," 24,445 "," 20,957 ", 635 ," 1,117 ", 120 ," 22,829 ",,,,,,,,,,,
Jul-00," 13,340 "," 1,486 "," 1,581 ", 401 ," 16,808 "," 11,939 ", 457 ," 1,455 ", 86 ," 13,937 ",,,,,,,,,,,
Aug-00," 15,307 "," 1,887 "," 1,539 ", 367 ," 19,100 "," 15,288 ", 767 ," 1,278 ", 106 ," 17,439 ",,,,,,,,,,,
Sep-00," 12,832 "," 2,062 "," 1,070 ", 337 ," 16,301 "," 15,356 ", 568 ," 1,394 ", 106 ," 17,424 ",,,,,,,,,,,
Oct-00," 11,877 "," 1,483 "," 1,257 ", 322 ," 14,939 "," 15,027 ", 684 ," 1,878 ", 32 ," 17,621 ",,,,,,,,,,,
Nov-00," 12,107 "," 1,258 "," 1,435 ", 231 ," 15,031 "," 13,356 ", 689 ," 1,834 ", 60 ," 15,939 ",,,,,,,,,,,
Dec-00," 10,030 "," 1,128 ", 957 , 132 ," 12,247 "," 10,246 ", 436 ," 1,368 ", 88 ," 12,138 ",,,,,,,,,,,
Jan-01," 10,495 "," 1,230 "," 1,169 ", 245 ," 13,139 "," 13,134 ", 769 ," 1,657 ", 23 ," 15,583 ",,,,,,,,,,,
Feb-01," 9,867 "," 1,251 ", 871 , 209 ," 12,198 "," 13,588 ", 673 ," 1,866 ", 73 ," 16,200 ",,,,,,,,,,,
Mar-01," 10,987 "," 1,572 ", 764 , 265 ," 13,588 "," 18,043 ", 797 ," 1,943 ", 118 ," 20,901 ",,,,,,,,,,,
Apr-01," 9,973 "," 1,333 ", 652 , 216 ," 12,174 "," 13,734 ", 917 ," 1,863 ", 127 ," 16,641 ",,,,,,,,,,,
May-01," 11,275 "," 1,317 ", 713 , 314 ," 13,619 "," 15,665 ", 953 ," 2,048 ", 86 ," 18,752 ",,,,,,,,,,,
Jun-01," 10,850 "," 1,329 ", 498 , 278 ," 12,955 "," 14,972 "," 1,058 "," 1,896 ", 31 ," 17,957 ",,,,,,,,,,,
Jul-01," 8,871 "," 1,169 ", 516 , 256 ," 10,812 "," 11,780 ", 591 ," 1,883 ", 90 ," 14,344 ",,,,,,,,,,,
Aug-01," 10,013 "," 1,349 ", 475 , 279 ," 12,116 "," 15,186 ", 628 ," 1,857 ", 101 ," 17,772 ",,,,,,,,,,,
Sep-01," 8,568 "," 1,280 ", 684 , 525 ," 11,057 "," 13,469 ", 637 ," 1,899 ", 232 ," 16,237 ",,,,,,,,,,,
Oct-01," 11,215 "," 1,507 ", 619 , 575 ," 13,916 "," 15,449 ", 719 ," 1,941 ", 163 ," 18,272 ",,,,,,,,,,,
Nov-01," 9,186 "," 1,173 ", 646 , 470 ," 11,475 "," 10,309 ", 457 ," 1,568 ", 83 ," 12,417 ",,,,,,,,,,,
Dec-01," 7,372 ", 863 , 499 , 162 ," 8,896 "," 9,499 ", 482 ," 1,559 ", 18 ," 11,558 ",,,,,,,,,,,
Jan-02," 8,138 "," 1,208 ", 592 , 341 ," 10,279 "," 13,160 ", 771 ," 1,271 ", 104 ," 15,306 ",,,,,,,,,,,
Feb-02," 9,737 "," 1,332 ", 552 , 192 ," 11,813 "," 14,353 "," 1,065 "," 1,187 ", 66 ," 16,671 ",,,,,,,,,,,
Mar-02," 10,642 "," 1,497 ", 512 , 159 ," 12,810 "," 16,381 ", 917 ," 1,148 ", 60 ," 18,506 ",,,,,,,,,,,
Apr-02," 12,067 "," 1,561 ", 629 , 255 ," 14,512 "," 17,595 ", 811 ," 1,506 ", 118 ," 20,030 ",,,,,,,,,,,
May-02," 14,209 "," 1,967 ", 791 , 315 ," 17,282 "," 18,330 "," 1,117 "," 1,390 ", 162 ," 20,999 ",,,,,,,,,,,
Jun-02," 14,549 "," 1,488 ", 685 , 228 ," 16,950 "," 15,757 ", 910 ," 1,308 ", 170 ," 18,145 ",,,,,,,,,,,
Jul-02," 15,163 "," 1,750 ", 729 , 185 ," 17,827 "," 11,600 ", 837 ," 1,064 ", 127 ," 13,628 ",,,,,,,,,,,
Aug-02," 16,345 "," 2,374 ", 799 , 278 ," 19,796 "," 15,279 ", 666 ," 1,202 ", 136 ," 17,283 ",,,,,,,,,,,
Sep-02," 14,911 "," 2,219 ", 707 , 480 ," 18,317 "," 15,505 ", 667 , 967 , 158 ," 17,297 ",,,,,,,,,,,
Oct-02," 14,967 "," 2,948 ", 914 , 298 ," 19,127 "," 16,061 ", 900 , 714 , 118 ," 17,793 ",,,,,,,,,,,
Nov-02," 9,957 "," 1,400 ", 743 , 225 ," 12,325 "," 11,593 ", 524 , 900 , 102 ," 13,119 ",,,,,,,,,,,
Dec-02," 7,552 "," 1,666 ", 717 , 202 ," 10,137 "," 11,405 ", 645 ," 1,110 ", 131 ," 13,291 ",,,,,,,,,,,
Jan-03," 9,485 "," 1,751 ", 713 , 348 ," 12,297 "," 13,622 ", 587 ," 1,064 ", 146 ," 15,419 ",,,,,,,,,,,
Feb-03," 9,228 "," 1,713 ", 751 , 323 ," 12,015 "," 13,418 ", 779 ," 1,095 ", 143 ," 15,435 ",,,,,,,,,,,
Mar-03," 9,946 "," 1,739 ", 832 , 388 ," 12,905 "," 14,726 "," 1,065 "," 1,094 ", 82 ," 16,967 ",,,,,,,,,,,
Apr-03," 11,701 "," 2,063 ", 683 , 416 ," 14,863 "," 13,728 "," 1,190 ", 911 , 104 ," 15,933 ",,,,,,,,,,,
May-03," 12,366 "," 1,744 ", 714 , 440 ," 15,264 "," 14,160 "," 1,425 ", 910 , 65 ," 16,560 ",,,,,,,,,,,
Jun-03," 13,055 "," 1,476 ", 663 , 361 ," 15,555 "," 15,156 "," 1,290 ", 987 , 165 ," 17,598 ",,,,,,,,,,,
Jul-03," 12,283 "," 1,921 ", 854 , 404 ," 15,462 "," 11,841 ", 735 , 824 , 103 ," 13,503 ",,,,,,,,,,,
Aug-03," 12,536 "," 1,809 ", 808 , 318 ," 15,471 "," 13,094 ", 731 , 818 , 75 ," 14,718 ",,,,,,,,,,,
Sep-03," 13,276 "," 2,291 ", 803 , 363 ," 16,733 "," 16,106 ", 740 , 786 , 89 ," 17,721 ",,,,,,,,,,,
Oct-03," 15,618 "," 2,594 "," 1,107 ", 368 ," 19,687 "," 16,970 ", 932 ," 1,069 ", 75 ," 19,046 ",,,,,,,,,,,
Nov-03," 13,087 "," 1,525 ", 913 , 331 ," 15,856 "," 14,920 ", 791 , 914 , 54 ," 16,679 ",,,,,,,,,,,
Dec-03," 13,073 "," 1,427 ", 868 , 372 ," 15,740 "," 15,521 ", 585 , 835 , 77 ," 17,018 ",,,,,,,,,,,
Jan-04," 12,575 "," 1,918 ", 595 , 533 ," 15,621 "," 15,214 "," 1,108 ", 658 , 28 ," 17,008 ",,,,,,,,,,,
Feb-04," 14,007 "," 2,042 ", 898 , 444 ," 17,391 "," 17,504 ", 853 ," 1,036 ", 234 ," 19,627 ",,,,,,,,,,,
Mar-04," 17,467 "," 2,475 ", 787 ," 1,288 "," 22,017 "," 19,782 "," 1,165 "," 1,017 ", 146 ," 22,110 ",,,,,,,,,,,
Apr-04," 16,695 "," 2,431 ", 642 , 691 ," 20,459 "," 17,571 ", 882 , 657 , 63 ," 19,173 ",,,,,,,,,,,
May-04," 16,010 "," 2,579 ", 851 , 570 ," 20,010 "," 18,212 "," 1,172 ", 929 , 127 ," 20,440 ",,,,,,,,,,,
Jun-04," 19,732 "," 2,686 "," 1,034 ", 699 ," 24,151 "," 19,526 "," 1,315 ", 868 , 164 ," 21,873 ",,,,,,,,,,,
Jul-04," 16,813 "," 2,600 ", 893 , 546 ," 20,852 "," 13,341 "," 1,004 ", 830 , 45 ," 15,220 ",,,,,,,,,,,
Aug-04," 19,059 "," 3,159 "," 1,231 ", 656 ," 24,105 "," 19,053 ", 915 , 749 , 124 ," 20,841 ",,,,,,,,,,,
Sep-04," 21,297 "," 3,158 "," 1,183 ", 875 ," 26,513 "," 18,091 "," 1,003 ", 888 , 160 ," 20,142 ",,,,,,,,,,,
Oct-04," 21,805 "," 3,223 "," 1,382 ", 995 ," 27,405 "," 18,678 ", 941 , 814 , 176 ," 20,609 ",,,,,,,,,,,
Nov-04," 21,011 "," 2,801 "," 1,500 "," 1,012 "," 26,324 "," 17,570 ", 855 ," 1,189 ", 135 ," 19,749 ",,,,,,,,,,,
Dec-04," 19,304 "," 2,508 "," 1,360 "," 1,080 "," 24,252 "," 16,163 "," 1,127 ", 946 , 71 ," 18,307 ",,,,,,,,,,,
Jan-05," 20,745 "," 2,551 "," 1,151 "," 1,040 "," 25,487 "," 19,883 ", 828 , 944 , 116 ," 21,771 ",,,,,,,,,,,
Feb-05," 21,506 "," 2,850 "," 1,304 "," 1,470 "," 27,130 "," 19,880 "," 1,298 "," 1,086 ", 144 ," 22,408 ",,,,,,,,,,,
Mar-05," 22,500 "," 3,337 "," 1,342 "," 1,244 "," 28,423 "," 20,215 "," 1,498 "," 1,517 ", 121 ," 23,351 ",,,,,,,,,,,
Apr-05," 23,234 "," 3,150 "," 1,143 "," 1,546 "," 29,073 "," 19,183 "," 1,047 "," 1,012 ", 170 ," 21,412 ",,,,,,,,,,,
May-05," 23,342 "," 3,486 "," 1,356 "," 1,438 "," 29,622 "," 19,186 "," 1,549 ", 908 , 107 ," 21,750 ",,,,,,,,,,,
Jun-05," 24,660 "," 3,603 "," 1,563 "," 1,011 "," 30,837 "," 20,818 "," 1,320 "," 1,247 ", 98 ," 23,483 ",,,,,,,,,,,
Jul-05," 20,461 "," 2,963 "," 1,300 "," 1,402 "," 26,126 "," 14,325 "," 1,154 "," 1,063 ", 256 ," 16,798 ",,,,,,,,,,,
Aug-05," 24,001 "," 3,553 "," 1,614 "," 1,702 "," 30,870 "," 20,260 "," 1,141 "," 1,005 ", 126 ," 22,532 ",,,,,,,,,,,
Sep-05," 23,516 "," 3,417 "," 1,574 "," 1,787 "," 30,294 "," 19,841 ", 963 ," 1,314 ", 188 ," 22,306 ",,,,,,,,,,,
Oct-05," 24,972 "," 3,076 "," 1,653 "," 1,832 "," 31,533 "," 21,539 "," 1,211 "," 1,164 ", 247 ," 24,161 ",,,,,,,,,,,
Nov-05," 20,799 "," 2,397 "," 1,598 "," 1,411 "," 26,205 "," 14,934 ", 887 ," 1,179 ", 178 ," 17,178 ",,,,,,,,,,,
Dec-05," 18,940 "," 2,164 "," 1,014 "," 1,408 "," 23,526 "," 13,956 ", 828 , 842 , 95 ," 15,721 ",,,,,,,,,,,
Jan-06," 23,784 "," 2,955 "," 1,292 "," 1,487 "," 29,518 "," 17,853 "," 1,365 ", 979 , 134 ," 20,331 ",,,,,,,,,,,
Feb-06," 23,070 "," 3,248 "," 1,141 "," 1,405 "," 28,864 "," 18,336 "," 1,072 "," 1,237 ", 186 ," 20,831 ",,,,,,,,,,,
Mar-06," 25,736 "," 4,144 "," 1,325 "," 1,865 "," 33,070 "," 25,196 "," 1,544 "," 1,415 ", 166 ," 28,321 ",,,,,,,,,,,
Apr-06," 22,887 "," 3,024 "," 1,403 "," 1,492 "," 28,806 "," 18,563 "," 1,151 "," 1,090 ", 161 ," 20,965 ",,,,,,,,,,,
May-06," 26,814 "," 3,492 "," 1,810 "," 2,274 "," 34,390 "," 21,773 "," 1,367 "," 1,201 ", 230 ," 24,571 ",,,,,,,,,,,
Jun-06," 21,811 "," 2,603 "," 1,741 "," 1,596 "," 27,751 "," 21,299 "," 1,010 "," 1,039 ", 290 ," 23,638 ",,,,,,,,,,,
Jul-06," 23,628 "," 2,990 "," 1,763 "," 1,943 "," 30,324 "," 18,017 ", 921 ," 1,196 ", 374 ," 20,508 ",,,,,,,,,,,
Aug-06," 28,070 "," 3,668 "," 1,560 "," 2,719 "," 36,017 "," 22,848 "," 1,095 "," 1,171 ", 273 ," 25,387 ",,,,,,,,,,,
Sep-06," 25,989 "," 3,696 "," 1,724 "," 2,008 "," 33,417 "," 21,093 "," 1,117 "," 1,196 ", 184 ," 23,590 ",,,,,,,,,,,
Oct-06," 29,083 "," 4,003 "," 1,775 "," 1,865 "," 36,726 "," 23,204 "," 1,234 "," 1,279 ", 170 ," 25,887 ",,,,,,,,,,,
Nov-06," 26,054 "," 3,504 "," 1,959 "," 1,724 "," 33,241 "," 19,895 "," 1,020 "," 1,066 ", 202 ," 22,183 ",,,,,,,,,,,
Dec-06," 19,254 "," 2,175 "," 1,447 "," 1,448 "," 24,324 "," 16,562 "," 1,150 "," 1,106 ", 302 ," 19,120 ",,,,,,,,,,,
Jan-07," 21,184 "," 2,982 "," 1,751 "," 2,805 "," 28,722 "," 17,503 ", 989 ," 1,276 ", 308 ," 20,076 ",,,,,,,,,,,
Feb-07," 16,915 "," 2,160 "," 1,711 "," 2,439 "," 23,225 "," 16,619 "," 1,024 "," 1,271 ", 302 ," 19,216 ",,,,,,,,,,,
Mar-07," 15,834 "," 2,300 "," 2,002 "," 2,345 "," 22,481 "," 18,491 "," 1,394 "," 1,530 ", 292 ," 21,707 ",,,,,,,,,,,
Apr-07," 8,456 "," 1,672 "," 2,443 "," 2,181 "," 14,752 "," 14,842 "," 1,663 "," 1,246 ", 334 ," 18,085 ",,,,,,,,,,,
May-07," 7,998 "," 1,687 "," 2,667 "," 2,741 "," 15,093 "," 16,408 "," 1,159 "," 1,311 ", 239 ," 19,117 ",,,,,,,,,,,
Jun-07," 8,775 "," 1,662 "," 2,263 "," 2,528 "," 15,228 "," 16,013 ", 957 ," 1,027 ", 262 ," 18,259 ",,,,,,,,,,,
Jul-07," 7,493 "," 1,235 "," 2,552 "," 2,700 "," 13,980 "," 12,483 ", 908 ," 1,088 ", 235 ," 14,714 ",,,,,,,,,,,
Aug-07," 9,411 "," 1,683 "," 3,023 "," 3,624 "," 17,741 "," 13,532 ", 913 ," 1,306 ", 265 ," 16,016 ",,,,,,,,,,,
Sep-07," 8,627 "," 1,522 "," 2,008 "," 2,643 "," 14,800 "," 12,953 "," 1,077 "," 1,164 ", 240 ," 15,434 ",,,,,,,,,,,
Oct-07," 10,428 "," 1,656 "," 2,535 "," 3,627 "," 18,246 "," 14,541 ", 910 ," 1,011 ", 207 ," 16,669 ",,,,,,,,,,,
Nov-07," 9,374 "," 1,564 "," 1,096 "," 2,292 "," 14,326 "," 12,245 ", 780 ," 1,059 ", 312 ," 14,396 ",,,,,,,,,,,
Dec-07," 9,091 "," 1,511 "," 1,237 "," 1,958 "," 13,797 "," 11,442 ", 847 , 780 , 196 ," 13,265 ",,,,,,,,,,,
Jan-08," 11,362 "," 2,244 "," 1,902 "," 2,758 "," 18,266 "," 11,318 ", 993 , 923 , 181 ," 13,415 ",,,,,,,,,,,
Feb-08," 9,585 "," 2,047 "," 1,787 "," 2,567 "," 15,986 "," 13,242 "," 1,192 "," 1,050 ", 224 ," 15,708 ",,,,,,,,,,,
Mar-08," 9,593 "," 1,836 "," 1,739 "," 2,289 "," 15,457 "," 13,871 "," 1,251 "," 1,009 ", 194 ," 16,325 ",,,,,,,,,,,
Apr-08," 12,155 "," 2,488 "," 2,779 "," 2,724 "," 20,146 "," 14,520 "," 1,251 "," 1,296 ", 209 ," 17,276 ",,,,,,,,,,,
May-08," 11,684 "," 1,863 "," 2,492 "," 2,739 "," 18,778 "," 13,516 "," 1,304 "," 1,462 ", 256 ," 16,538 ",,,,,,,,,,,
Jun-08," 11,667 "," 1,765 "," 2,595 "," 2,838 "," 18,865 "," 10,919 "," 1,146 "," 1,593 ", 246 ," 13,904 ",,,,,,,,,,,
Jul-08," 9,728 "," 1,424 "," 2,424 "," 2,761 "," 16,337 "," 8,455 "," 1,133 "," 1,306 ", 275 ," 11,169 ",,,,,,,,,,,
Aug-08," 10,958 "," 1,721 "," 2,229 "," 2,397 "," 17,305 "," 8,885 "," 1,243 "," 1,190 ", 207 ," 11,525 ",,,,,,,,,,,
Sep-08," 12,147 "," 1,910 "," 1,832 "," 2,211 "," 18,100 "," 8,041 "," 1,266 "," 1,145 ", 241 ," 10,693 ",,,,,,,,,,,
Oct-08," 13,279 "," 1,778 "," 1,223 "," 2,693 "," 18,973 "," 9,419 ", 956 , 908 , 180 ," 11,463 ",,,,,,,,,,,
Nov-08," 10,200 "," 1,440 ", 417 ," 2,025 "," 14,082 "," 7,831 "," 1,117 ", 445 , 218 ," 9,611 ",,,,,,,,,,,
Dec-08," 9,965 "," 1,265 ", 590 ," 1,524 "," 13,344 "," 9,233 ", 746 , 630 , 108 ," 10,717 ",,,,,,,,,,,
Jan-09," 7,829 "," 1,288 ", 167 , 882 ," 10,166 "," 6,620 ", 500 , 307 , 190 ," 7,617 ",,,,,,,,,,,
Feb-09," 6,672 "," 1,209 ", 237 ," 1,250 "," 9,368 "," 6,998 ", 555 , 317 , 65 ," 7,935 ",,,,,,,,,,,
Mar-09," 7,236 ", 933 , 346 , 439 ," 8,954 "," 7,316 ", 691 , 481 , 65 ," 8,553 ",,,,,,,,,,,
Apr-09," 6,054 ", 645 , 283 , 388 ," 7,370 "," 5,647 ", 568 , 337 , 58 ," 6,610 ",,,,,,,,,,,
May-09," 6,043 ", 636 , 419 , 487 ," 7,585 "," 6,104 ", 610 , 356 , 51 ," 7,121 ",,,,,,,,,,,
Jun-09," 8,052 ", 869 , 371 , 516 ," 9,808 "," 7,452 ", 649 , 466 , 70 ," 8,637 ",,,,,,,,,,,
Jul-09," 7,265 ", 692 , 530 , 343 ," 8,830 "," 6,253 ", 549 , 452 , 66 ," 7,320 ",,,,,,,,,,,
Aug-09," 8,057 "," 1,139 ", 549 , 361 ," 10,106 "," 6,176 ", 763 , 521 , 98 ," 7,558 ",,,,,,,,,,,
Sep-09," 8,679 "," 1,244 ", 577 , 471 ," 10,971 "," 6,731 ", 386 , 618 , 90 ," 7,825 ",,,,,,,,,,,
Oct-09," 9,874 "," 1,223 ", 568 , 590 ," 12,255 "," 8,756 ", 470 , 686 , 89 ," 10,001 ",,,,,,,,,,,
Nov-09," 8,865 "," 1,413 ", 504 , 520 ," 11,302 "," 7,764 ", 655 , 737 , 87 ," 9,243 ",,,,,,,,,,,
Dec-09," 9,120 "," 1,493 ", 642 , 426 ," 11,681 "," 7,989 ", 667 , 592 , 107 ," 9,355 ",,,,,,,,,,,
Jan-10," 8,659 "," 1,668 ", 497 , 532 ," 11,356 "," 7,881 ", 534 , 480 , 110 ," 9,005 ",,,,,,,,,,,
Feb-10," 8,101 "," 1,612 ", 650 , 776 ," 11,139 "," 7,167 ", 525 , 519 , 130 ," 8,341 ",,,,,,,,,,,
Mar-10," 8,969 "," 1,926 ", 722 , 877 ," 12,494 "," 8,296 ", 706 , 576 , 211 ," 9,789 ",,,,,,,,,,,
Apr-10," 8,106 "," 1,474 ", 748 , 931 ," 11,259 "," 7,556 ", 622 , 513 , 157 ," 8,848 ",,,,,,,,,,,
May-10," 7,394 "," 1,300 "," 1,121 "," 1,006 "," 10,821 "," 7,970 ", 547 , 709 , 223 ," 9,449 ",,,,,,,,,,,
Jun-10," 8,801 "," 1,653 "," 1,175 "," 1,488 "," 13,117 "," 8,450 ", 740 , 779 , 179 ," 10,148 ",,,,,,,,,,,
Jul-10," 8,247 "," 1,315 "," 1,140 "," 1,144 "," 11,846 "," 7,458 ", 660 , 647 , 182 ," 8,947 ",,,,,,,,,,,
Aug-10," 9,895 "," 1,585 "," 1,277 "," 1,309 "," 14,066 "," 8,831 ", 699 , 581 , 223 ," 10,334 ",,,,,,,,,,,
Sep-10," 9,655 "," 1,521 "," 1,478 "," 1,748 "," 14,402 "," 9,117 ", 618 , 653 , 280 ," 10,668 ",,,,,,,,,,,
Oct-10," 9,788 "," 1,594 "," 1,593 "," 1,682 "," 14,657 "," 9,998 ", 879 , 464 , 168 ," 11,509 ",,,,,,,,,,,
Nov-10," 11,319 "," 1,562 "," 1,259 "," 1,630 "," 15,770 "," 9,374 ", 647 , 373 , 152 ," 10,546 ",,,,,,,,,,,
Dec-10," 9,497 "," 1,337 "," 1,057 "," 1,355 "," 13,246 "," 9,252 ", 680 , 644 , 64 ," 10,640 ",,,,,,,,,,,
Jan-11," 11,546 "," 1,621 "," 1,153 "," 1,431 "," 15,751 "," 10,194 ", 672 , 466 , 117 ," 11,449 ",,,,,,,,,,,
Feb-11," 10,695 "," 1,721 "," 1,080 "," 1,508 "," 15,004 "," 10,872 ", 919 , 583 , 212 ," 12,586 ",,,,,,,,,,,
Mar-11," 14,394 "," 2,187 "," 1,641 "," 2,156 "," 20,378 "," 13,336 "," 1,268 ", 750 , 313 ," 15,667 ",,,,,,,,,,,
Apr-11," 13,343 "," 1,900 "," 1,235 "," 1,775 "," 18,253 "," 14,357 "," 1,078 ", 554 , 199 ," 16,188 ",,,,,,,,,,,
May-11," 14,630 "," 2,362 "," 1,615 "," 2,397 "," 21,004 "," 12,986 ", 890 , 648 , 221 ," 14,745 ",,,,,,,,,,,
Jun-11," 14,833 "," 2,564 "," 1,510 "," 2,376 "," 21,283 "," 11,844 "," 1,247 ", 664 , 116 ," 13,871 ",,,,,,,,,,,
Jul-11," 13,901 "," 1,968 "," 1,320 "," 2,410 "," 19,599 "," 8,999 ", 858 , 761 , 175 ," 10,793 ",,,,,,,,,,,
Aug-11," 17,917 "," 3,013 "," 1,343 "," 2,957 "," 25,230 "," 14,390 ", 798 , 763 , 173 ," 16,124 ",,,,,,,,,,,
Sep-11," 16,616 "," 2,898 "," 1,267 "," 2,794 "," 23,575 "," 13,023 ", 962 , 785 , 165 ," 14,935 ",,,,,,,,,,,
Oct-11," 19,099 "," 2,354 "," 1,476 "," 2,698 "," 25,627 "," 11,993 "," 1,104 ", 772 , 223 ," 14,092 ",,,,,,,,,,,
Nov-11," 18,542 "," 2,291 "," 1,281 "," 3,084 "," 25,198 "," 11,624 ", 807 , 587 , 164 ," 13,182 ",,,,,,,,,,,
Dec-11," 17,936 "," 2,406 "," 1,206 "," 2,517 "," 24,065 "," 12,110 ", 800 , 620 , 89 ," 13,619 ",,,,,,,,,,,
Jan-12," 18,425 "," 2,881 ", 858 ," 2,884 "," 25,048 "," 10,818 ", 997 , 722 , 173 ," 12,710 ",,,,,,,,,,,
Feb-12," 19,134 "," 3,118 "," 1,132 "," 2,839 "," 26,223 "," 14,018 "," 1,266 ", 733 , 124 ," 16,141 ",,,,,,,,,,,
Mar-12," 18,511 "," 3,515 "," 1,436 "," 2,794 "," 26,256 "," 16,864 "," 1,211 ", 941 , 190 ," 19,206 ",,,,,,,,,,,
Apr-12," 17,151 "," 2,891 "," 1,591 "," 2,797 "," 24,430 "," 13,685 "," 1,278 ", 858 , 201 ," 16,022 ",,,,,,,,,,,
May-12," 18,909 "," 3,175 "," 2,065 "," 3,098 "," 27,247 "," 15,325 "," 1,265 ", 723 , 255 ," 17,568 ",,,,,,,,,,,
Jun-12," 19,304 "," 2,476 "," 1,923 "," 2,393 "," 26,096 "," 14,927 "," 1,169 ", 590 , 182 ," 16,868 ",,,,,,,,,,,
Jul-12," 16,290 "," 2,254 "," 2,021 "," 2,014 "," 22,579 "," 11,717 ", 829 , 643 , 114 ," 13,303 ",,,,,,,,,,,
Aug-12," 16,171 "," 2,623 "," 2,547 "," 1,500 "," 22,841 "," 13,364 ", 814 , 824 , 194 ," 15,196 ",,,,,,,,,,,
Sep-12," 13,622 "," 1,996 "," 2,413 "," 1,157 "," 19,188 "," 12,373 ", 715 , 768 , 181 ," 14,037 ",,,,,,,,,,,
Oct-12," 14,954 "," 2,054 "," 2,253 "," 1,288 "," 20,549 "," 15,010 ", 864 ," 1,080 ", 254 ," 17,208 ",,,,,,,,,,,
Nov-12," 15,136 "," 1,985 "," 1,129 "," 1,518 "," 19,768 "," 13,322 ", 779 , 684 , 97 ," 14,882 ",,,,,,,,,,,
Dec-12," 13,706 "," 1,597 "," 1,011 ", 974 ," 17,288 "," 13,706 ", 731 , 657 , 93 ," 15,187 ",,,,,,,,,,,
Jan-13," 12,335 "," 2,130 "," 1,532 "," 1,352 "," 17,349 "," 13,146 ", 763 , 930 , 168 ," 15,007 ",,,,,,,,,,,
Feb-13," 12,540 "," 2,362 "," 1,582 "," 1,487 "," 17,971 "," 12,265 "," 1,129 ", 641 , 200 ," 14,235 ",,,,,,,,,,,
Mar-13," 14,313 "," 2,167 "," 1,550 "," 1,523 "," 19,553 "," 13,800 "," 1,077 ", 644 , 137 ," 15,658 ",,,,,,,,,,,
Apr-13," 16,577 "," 2,390 "," 2,055 "," 1,574 "," 22,596 "," 16,072 "," 1,047 ", 745 , 118 ," 17,982 ",,,,,,,,,,,
May-13," 16,492 "," 2,437 "," 2,146 "," 1,929 "," 23,004 "," 15,370 "," 1,371 ", 817 , 126 ," 17,684 ",,,,,,,,,,,
Jun-13," 15,749 "," 2,242 "," 2,287 "," 1,213 "," 21,491 "," 16,151 "," 1,133 ", 774 , 178 ," 18,236 ",,,,,,,,,,,
Jul-13," 16,956 "," 2,295 "," 1,999 "," 1,208 "," 22,458 "," 15,972 ", 852 , 710 , 130 ," 17,664 ",,,,,,,,,,,
Aug-13," 15,370 "," 2,074 "," 1,731 "," 1,241 "," 20,416 "," 15,118 ", 988 , 715 , 213 ," 17,034 ",,,,,,,,,,,
Sep-13," 15,634 "," 2,293 "," 1,656 "," 1,058 "," 20,641 "," 14,946 ", 824 , 677 , 159 ," 16,606 ",,,,,,,,,,,
Oct-13," 17,841 "," 2,267 "," 1,735 "," 1,283 "," 23,126 "," 17,825 ", 760 ," 1,026 ", 81 ," 19,692 ",,,,,,,,,,,
Nov-13," 15,632 "," 1,630 "," 1,210 "," 1,271 "," 19,743 "," 15,226 ", 810 , 508 , 88 ," 16,632 ",,,,,,,,,,,
Dec-13," 13,980 "," 1,521 ", 983 , 969 ," 17,453 "," 13,438 ", 761 , 717 , 53 ," 14,969 ",,,,,,,,,,,
Jan-14," 17,140 "," 2,379 "," 1,076 "," 1,159 "," 21,754 "," 13,975 ", 689 , 633 , 165 ," 15,462 ",,,,,,,,,,,
Feb-14," 16,295 "," 2,428 "," 1,247 "," 1,302 "," 21,272 "," 14,725 "," 1,080 ", 539 , 150 ," 16,494 ",,,,,,,,,,,
Mar-14," 18,143 "," 2,643 "," 1,746 "," 1,434 "," 23,966 "," 16,970 "," 1,018 ", 705 , 179 ," 18,872 ",,,,,,,,,,,
Apr-14," 17,920 "," 2,619 "," 1,526 "," 1,260 "," 23,325 "," 19,926 "," 1,088 ", 968 , 79 ," 22,061 ",,,,,,,,,,,
May-14," 19,877 "," 2,595 "," 1,577 "," 1,055 "," 25,104 "," 16,765 "," 1,148 ", 622 , 311 ," 18,846 ",,,,,,,,,,,
Jun-14," 20,080 "," 2,701 "," 1,551 ", 892 ," 25,224 "," 16,611 "," 1,217 ", 629 , 157 ," 18,614 ",,,,,,,,,,,
Jul-14," 21,394 "," 2,342 "," 1,477 ", 876 ," 26,089 "," 16,944 "," 1,027 ", 914 , 166 ," 19,051 ",,,,,,,,,,,
Aug-14," 20,924 "," 2,448 "," 1,358 "," 1,120 "," 25,850 "," 16,934 ", 944 , 783 , 273 ," 18,934 ",,,,,,,,,,,
Sep-14," 21,402 "," 2,805 "," 1,776 "," 1,720 "," 27,703 "," 17,690 ", 956 , 758 , 392 ," 19,796 ",,,,,,,,,,,
Oct-14," 23,668 "," 2,839 "," 1,737 "," 2,053 "," 30,297 "," 19,015 ", 939 , 954 , 336 ," 21,244 ",,,,,,,,,,,
Nov-14," 18,506 "," 2,388 "," 2,008 "," 1,623 "," 24,525 "," 15,689 ", 869 , 710 , 151 ," 17,419 ",,,,,,,,,,,
Dec-14," 17,272 "," 2,383 "," 1,646 ", 687 ," 21,988 "," 17,630 ", 879 , 634 , 83 ," 19,226 ",,,,,,,,,,,
Jan-15," 20,713 "," 2,398 "," 1,161 ", 603 ," 24,875 ",,,,,,,,,,,,,,,,
Feb-15," 20,217 "," 2,966 "," 1,276 ", 531 ," 24,990 ",,,,,,,,,,,,,,,,
